245257000,0,0,0.1,13.1,36,-4.4657183,48.38249,1443650402
227705102,15,-127,0,262.7,511,-4.4965715,48.38242,1443650403
228131600,15,-127,8.5,263.7,511,-4.644325,48.092247,1443650404
228051000,0,-127,0,295,511,-4.4851084,48.38132,1443650405
227574020,15,-127,0.1,248.6,511,-4.4954414,48.38366,1443650406
228854000,15,0,10.4,258.2,259,-4.347825,48.117958,1443650408
227415000,15,-127,11.4,176.5,511,-4.7691517,47.987152,1443650409
228037700,15,-127,9.1,78.5,511,-4.4719133,48.16634,1443650411
227443000,15,-127,11.1,171.5,511,-4.782632,48.005634,1443650411
245257000,0,0,0,13.1,35,-4.46572,48.382507,1443650413
228051000,0,-127,0,292.2,511,-4.4850984,48.381313,1443650415
228131600,15,-127,8.5,265.2,511,-4.644965,48.09218,1443650416
228854000,15,127,10.3,262.7,270,-4.348457,48.117886,1443650417
228037600,15,-127,9.1,87.6,511,-4.4480133,48.157574,1443650419
227415000,15,-127,11.3,175.8,511,-4.7691116,47.98662,1443650419
227443000,15,-127,11.3,172.6,511,-4.7825317,48.005116,1443650420
228037700,15,-127,6.7,79.3,511,-4.4714084,48.1664,1443650421
245257000,0,0,0,13.1,35,-4.4657216,48.38252,1443650423
227705102,15,-127,0,262.3,511,-4.4965734,48.382423,1443650423
228051000,0,-127,0,291.5,511,-4.4850965,48.38132,1443650424
228131600,15,-127,8.7,260.9,511,-4.645487,48.09213,1443650425
227574020,15,-127,0,244.7,511,-4.49544,48.383663,1443650427
228854000,15,0,10.4,268,270,-4.3492484,48.117874,1443650428
227415000,15,-127,11.4,174.7,511,-4.7690268,47.986107,1443650429
228037600,15,-127,9.1,87.2,511,-4.4473267,48.15763,1443650430
228037700,15,-127,4.4,81.1,511,-4.471053,48.166428,1443650431
227443000,15,-127,11.3,173.7,511,-4.7824483,48.0046,1443650431
245257000,0,0,0.1,13.1,35,-4.4657283,48.382526,1443650433
228051000,0,-127,0,291.4,511,-4.4850736,48.38132,1443650433
228131600,15,-127,8.4,269.4,511,-4.64607,48.092106,1443650434
228854000,15,0,10.4,269.7,271,-4.3499684,48.117874,1443650438
227415000,15,-127,11.1,172.2,511,-4.768925,47.985645,1443650438
228931000,7,-126,8.7,85.1,81,-4.48347,48.11528,1443650438
228037600,15,-127,9.1,86.8,511,-4.4467,48.157658,1443650439
228037700,15,-127,3.1,87.5,511,-4.4708233,48.16644,1443650441
245257000,0,0,0,13.1,35,-4.465737,48.382534,1443650442
228051000,0,-127,0,291.8,511,-4.485085,48.381332,1443650444
227705102,15,-127,0.1,275,511,-4.49658,48.382435,1443650444
228131600,15,-127,8.5,266.2,511,-4.6467066,48.092075,1443650445
227574020,15,-127,0.1,252.4,511,-4.4954367,48.38368,1443650447
227415000,15,-127,11,170.8,511,-4.7687883,47.98514,1443650448
228037600,15,-127,9,87.2,511,-4.4460735,48.15768,1443650450
227443000,15,-127,11.5,171.7,511,-4.782232,48.00355,1443650450
228037700,15,-127,2.1,90.8,511,-4.4706483,48.166454,1443650452
245257000,0,0,0,13.1,35,-4.4657383,48.382534,1443650452
227705102,15,-127,0,283.6,511,-4.496585,48.382435,1443650452
228051000,0,-127,0,293,511,-4.485085,48.381336,1443650454
228131600,15,-127,8.4,264.9,511,-4.6472917,48.09204,1443650455
227574020,15,-127,0.1,249.6,511,-4.4954367,48.383686,1443650456
228931000,7,127,8.7,83,85,-4.4822764,48.115402,1443650458
227415000,15,-127,11.3,172,511,-4.768687,47.98463,1443650459
227443000,15,-127,11.4,171.1,511,-4.7821317,48.003067,1443650460
228037600,15,-127,9,88.2,511,-4.4454517,48.157696,1443650460
228037700,15,-127,1.5,95.4,511,-4.470548,48.166447,1443650460
228131600,15,-127,8.4,266.1,511,-4.647815,48.092,1443650464
228051000,0,-127,0,293.2,511,-4.485093,48.38134,1443650466
227574020,15,-127,0,246.7,511,-4.4954367,48.383686,1443650466
227415000,15,-127,11.2,173,511,-4.7685933,47.98407,1443650469
227443000,15,-127,11.2,172.5,511,-4.782015,48.00255,1443650469
228037600,15,-127,9,85.4,511,-4.4448285,48.157722,1443650470
228037700,15,-127,1.1,102.4,511,-4.4704785,48.166447,1443650471
245257000,0,0,0,13.1,36,-4.4658,48.382607,1443650473
227705102,15,-127,0.1,288.3,511,-4.4965935,48.382427,1443650474
228051000,0,-127,0,291.6,511,-4.485095,48.38134,1443650474
228131600,15,-127,8.6,263.6,511,-4.6484685,48.091953,1443650476
228854000,15,-126,10.6,273.1,271,-4.352793,48.11796,1443650477
228037600,15,-127,9.1,82.5,511,-4.444267,48.15777,1443650479
227415000,15,-127,11.3,172.5,511,-4.768493,47.983547,1443650479
227443000,15,-127,11.3,173.8,511,-4.781915,48.001984,1443650480
228037700,15,-127,0.8,111.7,511,-4.47043,48.16643,1443650481
227705102,15,-127,0,280.1,511,-4.4965816,48.38244,1443650483
228051000,0,-127,0,290.6,511,-4.485093,48.38134,1443650484
228131600,15,-127,8.7,262.5,511,-4.648995,48.091915,1443650485
227574020,15,-127,0,251.9,511,-4.495435,48.38368,1443650487
227415000,15,-127,11.6,173.6,511,-4.7684083,47.983006,1443650489
228037600,15,-127,9,85.3,511,-4.4435816,48.15782,1443650490
228037700,15,-127,0.6,127.3,511,-4.4703984,48.16641,1443650491
227443000,15,-127,11.4,172,511,-4.781815,48.001484,1443650491
245257000,0,0,0,13.1,36,-4.46582,48.382607,1443650493
228051000,0,-127,0,290.5,511,-4.4850883,48.381348,1443650493
227705102,15,-127,0,276.7,511,-4.4965734,48.382446,1443650494
228131600,15,-127,8.6,261.3,511,-4.6495733,48.091827,1443650495
228190600,7,-127,0,0,511,-4.326842,48.09865,1443650498
228854000,15,127,10.6,267.2,269,-4.354328,48.11792,1443650498
227415000,15,-127,11.4,173.3,511,-4.768328,47.98254,1443650498
228037600,15,-127,9.1,86.8,511,-4.443015,48.15784,1443650499
228037700,15,-127,0.5,150.1,511,-4.4703865,48.166393,1443650500
227443000,15,-127,11.2,170.8,511,-4.781698,48.000965,1443650501
245257000,0,0,0,13.1,35,-4.4658165,48.38258,1443650502
228051000,0,-127,0,290.8,511,-4.485085,48.38135,1443650505
228131600,15,-127,8.9,259.2,511,-4.6502185,48.09176,1443650505
228037600,15,-127,9,84.4,511,-4.4423933,48.157887,1443650509
227415000,15,-127,11.1,170.6,511,-4.76818,47.98198,1443650509
227443000,15,-127,11.3,172.9,511,-4.7815986,48.00045,1443650511
228037700,15,-127,0.6,185.9,511,-4.470402,48.166374,1443650512
245257000,0,0,0,13.1,35,-4.4658084,48.382557,1443650512
227705102,15,-127,0.1,270.9,511,-4.4965734,48.38244,1443650512
228051000,0,-127,0,290.7,511,-4.485083,48.38135,1443650515
228131600,15,-127,8.5,262.7,511,-4.6508017,48.09172,1443650515
228854000,15,127,10.5,269.5,272,-4.355785,48.1179,1443650518
227415000,15,-127,10.9,170.3,511,-4.7680736,47.98153,1443650518
227443000,15,-127,11.3,176.9,511,-4.781532,47.999985,1443650520
228037600,15,-127,8.9,80.7,511,-4.4417214,48.157967,1443650520
228037700,15,-127,0.9,207.3,511,-4.470425,48.166348,1443650520
245257000,0,0,0,13.1,35,-4.465803,48.382545,1443650522
227705102,15,-127,0.1,266.5,511,-4.4965734,48.382435,1443650523
228131600,15,-127,8.4,266.3,511,-4.6513367,48.091694,1443650524
228051000,0,-127,0,291.3,511,-4.485083,48.381348,1443650525
227574020,15,-127,0,255.1,511,-4.495445,48.38365,1443650526
227415000,15,-127,11.2,172.2,511,-4.767975,47.98097,1443650529
227443000,15,-127,11.3,181.7,511,-4.781532,47.999466,1443650529
228037600,15,-127,9,81.9,511,-4.441105,48.158028,1443650530
228037700,15,-127,0.8,221.4,511,-4.470452,48.16633,1443650531
245257000,0,0,0.1,13.1,35,-4.4657984,48.38254,1443650533
227705102,15,-127,0.1,270.7,511,-4.496568,48.382435,1443650534
228051000,0,-127,0,291.7,511,-4.485083,48.38134,1443650534
228131600,15,-127,8.7,262.4,511,-4.651975,48.091652,1443650536
228037600,15,-127,8.9,84.3,511,-4.4405484,48.158062,1443650539
227415000,15,-127,11.2,172.3,511,-4.7678633,47.98046,1443650539
227443000,15,-127,11.4,182.5,511,-4.781582,47.99893,1443650541
228037700,15,-127,1,228.7,511,-4.470495,48.166294,1443650541
245257000,0,0,0,13.1,36,-4.4657917,48.382534,1443650543
227705102,15,-127,0,275,511,-4.496577,48.382435,1443650543
228051000,0,-127,0,290.8,511,-4.4850864,48.38134,1443650544
228131600,15,-127,8.8,255.6,511,-4.652488,48.09157,1443650545
227574020,15,-127,0,254.1,511,-4.495448,48.383648,1443650546
228037600,15,-127,8.9,90.8,511,-4.439872,48.15806,1443650551
228037700,15,-127,0.9,235.6,511,-4.470548,48.16626,1443650551
227443000,15,-127,11.3,182,511,-4.781615,47.998367,1443650551
245257000,0,0,0,13.1,36,-4.4658017,48.382553,1443650553
228051000,0,-127,0,292.6,511,-4.485085,48.38135,1443650554
227705102,15,-127,0,275.4,511,-4.496587,48.38244,1443650555
228131600,15,-127,8,262.8,511,-4.653138,48.0915,1443650555
228854000,15,-126,10.6,272.2,271,-4.358685,48.118015,1443650558
227415000,15,-127,10.9,171.7,511,-4.76765,47.979515,1443650559
228037600,15,-127,8.9,95.1,511,-4.43932,48.15802,1443650559
227443000,15,-127,11.4,181.8,511,-4.781648,47.997833,1443650561
228037700,15,-127,1.2,243.9,511,-4.470617,48.166233,1443650562
245257000,0,0,0.1,13.1,36,-4.4657984,48.382553,1443650562
227705102,15,-127,0.1,281.5,511,-4.496587,48.382435,1443650564
228051000,0,-127,0,294.4,511,-4.48509,48.381363,1443650565
228131600,15,-127,8.4,263.8,511,-4.65373,48.09146,1443650566
228037600,15,-127,8.9,100,511,-4.43871,48.157948,1443650569
227415000,15,-127,10.9,169.3,511,-4.767463,47.978916,1443650569
227443000,15,-127,11.4,183.1,511,-4.7816815,47.99732,1443650571
228037700,15,-127,1,250.2,511,-4.4706516,48.1662,1443650572
245257000,0,0,0,13.1,36,-4.4657917,48.382545,1443650572
227705102,15,-127,0,295,511,-4.49658,48.382435,1443650572
228131600,15,-127,8.4,262.9,511,-4.65426,48.091434,1443650574
228051000,0,-127,0,294.4,511,-4.485093,48.381367,1443650574
228854000,15,0,10.6,268.4,267,-4.360155,48.117996,1443650578
228931000,7,-126,8.8,83.9,81,-4.4750667,48.116016,1443650578
227415000,15,-127,10.9,171.4,511,-4.767375,47.97852,1443650578
227443000,15,-127,11.4,181.4,511,-4.781698,47.99685,1443650580
228037600,15,-127,8.9,105.5,511,-4.438055,48.15782,1443650580
228037700,15,-127,0.9,253.3,511,-4.4706917,48.166187,1443650580
245257000,0,0,0,13.1,36,-4.46578,48.382534,1443650582
227705102,15,-127,0.1,292.3,511,-4.49658,48.38243,1443650583
228131600,15,-127,8.1,263.7,511,-4.654842,48.091385,1443650584
228051000,0,-127,0,293.6,511,-4.485065,48.38135,1443650585
227574020,15,-127,0,268.3,511,-4.495448,48.38365,1443650586
227415000,15,-127,10.8,168.8,511,-4.767225,47.978024,1443650588
228854000,15,127,10.6,268.2,270,-4.360885,48.11798,1443650588
228037600,15,-127,8.9,114.6,511,-4.4374886,48.157654,1443650589
228037700,15,-127,0.8,257.6,511,-4.4707565,48.166172,1443650591
245257000,0,0,0,13.1,35,-4.46577,48.38252,1443650592
227705102,15,-127,0.1,292.3,511,-4.4965835,48.382427,1443650592
228051000,0,-127,0,292.2,511,-4.4850683,48.381348,1443650594
228131600,15,-127,8.6,264.2,511,-4.6554832,48.091328,1443650596
228854000,15,0,10.6,270.4,272,-4.361545,48.11798,1443650597
227415000,15,-127,10.8,169.2,511,-4.767053,47.977486,1443650599
228037600,15,-127,9,121.2,511,-4.43695,48.15744,1443650600
227443000,15,-127,11.2,182.3,511,-4.7817483,47.995815,1443650600
228037700,15,-127,1.1,261.3,511,-4.470855,48.166157,1443650602
245257000,0,0,0,13.1,35,-4.465765,48.382507,1443650602
227705102,15,-127,0.1,297.3,511,-4.496585,48.382427,1443650603
228051000,0,-127,0,291.9,511,-4.48507,48.381348,1443650605
228131600,15,-127,8.3,266,511,-4.6560116,48.091267,1443650605
228854000,15,0,10.6,271.5,274,-4.3622785,48.117992,1443650607
228931000,7,0,8.8,78.6,79,-4.4732785,48.11626,1443650608
227415000,15,-127,10.7,170.1,511,-4.7669315,47.97699,1443650609
228037600,15,-127,9,129.6,511,-4.436475,48.157166,1443650610
228037700,15,-127,1.1,262.8,511,-4.47093,48.16615,1443650611
227443000,15,-127,11.3,182.7,511,-4.7817817,47.99525,1443650611
245257000,0,0,0,13.1,35,-4.4657617,48.382492,1443650612
228051000,0,-127,0,289.8,511,-4.4850736,48.381348,1443650614
228131600,15,-127,8.7,259.7,511,-4.65665,48.0912,1443650616
228190600,7,-127,0,0,511,-4.3268385,48.098644,1443650617
228854000,15,127,9.6,272.9,277,-4.36302,48.118015,1443650618
227415000,15,-127,10.6,168.9,511,-4.766802,47.976555,1443650619
228037600,15,-127,9.1,132.1,511,-4.4360566,48.1569,1443650619
228157000,0,-127,9.1,82.4,511,-4.4191065,48.12009,1443650619
228037700,15,-127,1.1,262.2,511,-4.471005,48.16614,1443650622
245257000,0,0,0,13.1,35,-4.465757,48.38248,1443650622
227705102,15,-127,0.1,288.3,511,-4.4965916,48.382427,1443650622
228051000,0,-127,0,282.2,511,-4.4850717,48.38134,1443650625
228131600,15,-127,8.7,261.8,511,-4.657232,48.091152,1443650625
227574020,15,-127,0,264.8,511,-4.4954615,48.38366,1443650627
228854000,15,-126,8.2,274.8,274,-4.36358,48.118053,1443650628
228037600,15,-127,9.1,131,511,-4.43558,48.156605,1443650629
227415000,15,-127,10.9,172.2,511,-4.7666736,47.97596,1443650629
227443000,15,-127,11.2,181.8,511,-4.781815,47.9942,1443650631
228037700,15,-127,1,261.2,511,-4.471075,48.166134,1443650632
245257000,0,0,0,13.1,35,-4.4657516,48.382473,1443650632
227705102,15,-127,0.1,292.8,511,-4.496595,48.382427,1443650633
228051000,0,-127,0,282.7,511,-4.48507,48.381336,1443650634
228131600,15,-127,8.4,263.8,511,-4.657758,48.09112,1443650635
227415000,15,-127,10.7,170.3,511,-4.7665715,47.975574,1443650639
228854000,15,0,7.5,272.7,272,-4.3641415,48.11807,1443650639
227443000,15,-127,11.3,180.9,511,-4.7818317,47.993732,1443650640
228037600,15,-127,9.1,128.2,511,-4.4350433,48.156315,1443650640
228037700,15,-127,1.1,263.5,511,-4.47114,48.166126,1443650640
245257000,0,0,0,13.1,35,-4.465745,48.38246,1443650642
227705102,15,-127,0.1,291.6,511,-4.496595,48.382427,1443650644
228131600,15,-127,8.5,265.6,511,-4.6583385,48.091072,1443650645
228051000,0,-127,0,284.6,511,-4.4850717,48.381332,1443650645
227574020,15,-127,0,270.2,511,-4.49546,48.38365,1443650646
227415000,15,-127,10.7,169.3,511,-4.76643,47.975086,1443650648
228854000,15,0,7.3,271.3,273,-4.364587,48.118073,1443650648
227443000,15,-127,11.2,182.8,511,-4.7818484,47.993217,1443650649
228037600,15,-127,9.1,128.2,511,-4.434555,48.15605,1443650649
228037700,15,-127,1.1,263.5,511,-4.4712114,48.16612,1443650650
245257000,0,0,0,13.1,35,-4.465765,48.38251,1443650652
227705102,15,-127,0.1,298.4,511,-4.49659,48.382427,1443650652
228051000,0,-127,0,281.2,511,-4.4850783,48.38133,1443650655
228131600,15,-127,8.1,266.5,511,-4.658975,48.091034,1443650656
228854000,15,0,7.2,271.1,271,-4.3650265,48.11808,1443650657
227415000,15,-127,10.6,169,511,-4.7662783,47.974556,1443650659
228037600,15,-127,9.1,128.3,511,-4.4340634,48.15579,1443650659
227443000,15,-127,11.1,181.8,511,-4.781882,47.9927,1443650660
228037700,15,-127,1.1,265.6,511,-4.471285,48.166115,1443650661
228051000,0,-127,0,284.1,511,-4.48508,48.38133,1443650665
228131600,15,-127,8.6,259.3,511,-4.6595535,48.090992,1443650666
227574020,15,-127,0,269.6,511,-4.49546,48.38365,1443650667
228854000,15,0,7.1,270.1,270,-4.36551,48.118084,1443650667
227415000,15,-127,10.6,169.8,511,-4.76614,47.974068,1443650669
227443000,15,-127,11.1,183.8,511,-4.781915,47.992184,1443650670
228037600,15,-127,9.1,126.5,511,-4.433562,48.15554,1443650670
228037700,15,-127,1.2,265.9,511,-4.4713616,48.166115,1443650671
245257000,0,0,0,13.1,36,-4.4657884,48.382545,1443650672
227705102,15,-127,0.1,291.1,511,-4.496587,48.382404,1443650674
228051000,0,-127,0,286.2,511,-4.4850864,48.38134,1443650675
228131600,15,-127,8.7,262.1,511,-4.6601367,48.090942,1443650676
228854000,15,0,7.1,269.2,269,-4.3660383,48.118076,1443650678
227415000,15,-127,10.7,170.1,511,-4.766035,47.973625,1443650678
228037600,15,-127,9.1,124.6,511,-4.4330916,48.15533,1443650679
228931000,7,-126,8.8,82.2,81,-4.4690084,48.116722,1443650679
227443000,15,-127,11.2,182.5,511,-4.781965,47.991634,1443650681
228037700,15,-127,1.1,266.7,511,-4.4714217,48.166115,1443650681
227705102,15,-127,0.1,292.1,511,-4.4965835,48.38241,1443650682
228051000,0,-127,0,287.1,511,-4.4850917,48.381332,1443650684
228131600,15,-127,8.3,262.6,511,-4.660713,48.090904,1443650685
227574020,15,-127,0.1,272,511,-4.4954515,48.383656,1443650687
228854000,15,0,7.1,268.7,268,-4.3664784,48.118065,1443650687
228931000,7,127,8.8,78.6,81,-4.46853,48.11679,1443650688
228037600,15,-127,9.1,124.9,511,-4.43259,48.155094,1443650689
227415000,15,-127,10.8,169,511,-4.7658634,47.97304,1443650690
227443000,15,-127,11.1,182.6,511,-4.781998,47.991116,1443650691
228037700,15,-127,1.1,267,511,-4.471495,48.166115,1443650692
227705102,15,-127,0.1,289.6,511,-4.496575,48.38242,1443650693
228051000,0,-127,0,287,511,-4.485095,48.38133,1443650694
228131600,15,-127,8.4,266.8,511,-4.661258,48.090878,1443650695
228190600,7,-127,0,0,511,-4.326845,48.09864,1443650698
227415000,15,-127,10.8,169.3,511,-4.7657385,47.972645,1443650699
228854000,15,0,7.1,267.5,269,-4.3670683,48.11805,1443650699
228037600,15,-127,9,125.1,511,-4.43203,48.154823,1443650700
245257000,0,0,0,13.1,36,-4.4657617,48.3825,1443650702
228131600,15,-127,8.6,261.4,511,-4.6618333,48.090805,1443650704
228051000,0,-127,0,287.1,511,-4.4850965,48.38133,1443650706
227415000,15,-127,10.7,169.8,511,-4.765595,47.972153,1443650708
228854000,15,0,7.1,268.5,270,-4.367505,48.118046,1443650709
227443000,15,-127,11.4,182.1,511,-4.782065,47.990116,1443650709
228037600,15,-127,9,125.9,511,-4.431522,48.15458,1443650710
228037700,15,-127,1.1,264.6,511,-4.471637,48.166107,1443650710
245257000,0,0,0,13.1,36,-4.465755,48.38249,1443650712
227705102,15,-127,0.1,289.1,511,-4.4965715,48.38241,1443650712
228051000,0,-127,0,287.3,511,-4.4850965,48.381325,1443650715
228131600,15,-127,8.3,260.3,511,-4.6624584,48.090725,1443650716
227415000,15,-127,10.7,172,511,-4.765478,47.9716,1443650719
228854000,15,127,7.1,270.1,273,-4.368045,48.118046,1443650719
228037600,15,-127,9.1,126.7,511,-4.4310164,48.154327,1443650719
228037700,15,-127,1,264.4,511,-4.471715,48.1661,1443650721
245257000,0,0,0,13.1,36,-4.465757,48.38249,1443650722
227318020,15,-127,8.4,144.6,511,-4.642645,48.0002,1443650723
227705102,15,-127,0,289.5,511,-4.496568,48.3824,1443650723
228051000,0,-127,0,287.7,511,-4.4850965,48.381325,1443650725
228131600,15,-127,8.4,264.7,511,-4.66304,48.09067,1443650726
228854000,15,0,7.1,271.4,274,-4.368435,48.11805,1443650727
227415000,15,-127,10.5,170.6,511,-4.76537,47.97116,1443650728
228931000,7,-126,8.8,80.6,78,-4.466037,48.116985,1443650728
228037600,15,-127,9.1,129.2,511,-4.43052,48.15406,1443650729
228037700,15,-127,1.2,265.2,511,-4.4717984,48.1661,1443650731
245257000,0,0,0.1,13.1,36,-4.4657536,48.382473,1443650732
227705102,15,-127,0,293.3,511,-4.49656,48.382404,1443650734
228051000,0,-127,0,288.2,511,-4.485105,48.381332,1443650735
228131600,15,-127,8.4,264.8,511,-4.6636133,48.09062,1443650736
228854000,15,0,7.1,273.1,276,-4.368965,48.118073,1443650738
227415000,15,-127,10.4,168.8,511,-4.765207,47.97069,1443650738
228037600,15,-127,9.1,129.7,511,-4.430035,48.153786,1443650740
228037700,15,-127,1.2,266.5,511,-4.4718766,48.166092,1443650741
245257000,0,0,0,13.1,35,-4.4657536,48.38246,1443650742
228051000,0,-127,0,288.3,511,-4.4851084,48.38133,1443650744
228131600,15,-127,8.4,259.5,511,-4.6641884,48.090565,1443650745
228186700,5,0,0.2,318,139,-4.5124984,48.370834,1443650745
227415000,15,-127,10.5,170.1,511,-4.7650833,47.970215,1443650749
228037600,15,-127,9.1,130.7,511,-4.4296064,48.15354,1443650749
228037700,15,-127,1.1,266.8,511,-4.4719567,48.166092,1443650752
245257000,0,0,0,13.1,35,-4.465757,48.382465,1443650752
227705102,15,-127,0,295.5,511,-4.496555,48.382416,1443650753
228051000,0,-127,0,289.4,511,-4.48511,48.381325,1443650754
228131600,15,-127,8.7,261.7,511,-4.6647015,48.090515,1443650754
228186700,5,0,0,130,138,-4.5124984,48.370834,1443650756
228854000,15,0,7.1,274.4,275,-4.369995,48.118122,1443650759
227415000,15,-127,10.6,169.4,511,-4.7649283,47.96969,1443650759
228037600,15,-127,9.1,133.2,511,-4.4291034,48.153217,1443650760
228037700,15,-127,1.1,267.2,511,-4.472027,48.16609,1443650760
245257000,0,0,0,13.1,35,-4.4657583,48.382473,1443650762
228131600,15,-127,8.9,262.8,511,-4.665293,48.09048,1443650764
228051000,0,-127,0,288.1,511,-4.4851084,48.381325,1443650765
227574020,15,-127,0,271.6,511,-4.4954515,48.383675,1443650766
228854000,15,0,7.1,273.6,274,-4.3704367,48.11814,1443650768
228037600,15,-127,9.1,132.7,511,-4.4286833,48.15296,1443650768
228037700,15,-127,1.1,267.7,511,-4.4721,48.166084,1443650771
227443000,15,-127,11.4,182.4,511,-4.7822986,47.9869,1443650772
245257000,0,0,0,13.1,36,-4.4657683,48.38248,1443650772
227705102,15,-127,0.1,293.2,511,-4.49656,48.38241,1443650772
228051000,0,-127,0,288.9,511,-4.485105,48.381325,1443650774
228131600,15,-127,8.4,257.5,511,-4.665925,48.09042,1443650776
227415000,15,-127,10.6,169.6,511,-4.764633,47.968735,1443650779
228854000,15,-126,7.1,272.1,272,-4.370973,48.118153,1443650779
227443000,15,-127,11.5,182.2,511,-4.7823315,47.986435,1443650780
228037700,15,-127,1,267.1,511,-4.4721785,48.166065,1443650781
245257000,0,0,0.1,13.1,36,-4.4657664,48.382484,1443650782
227318020,15,-127,8.1,139.5,511,-4.64015,47.998516,1443650783
227705102,15,-127,0,300.5,511,-4.496565,48.3824,1443650783
228051000,0,-127,0,291.4,511,-4.4850965,48.381336,1443650785
227574020,15,-127,0.1,281.2,511,-4.4954534,48.383675,1443650787
228854000,15,0,7.1,270.4,270,-4.3713665,48.11815,1443650787
228037600,15,-127,9.1,132.7,511,-4.427705,48.152348,1443650789
227443000,15,-127,11.5,183.4,511,-4.782365,47.9859,1443650790
228037700,15,-127,1.1,266.4,511,-4.472265,48.166054,1443650791
245257000,0,0,0,13.1,36,-4.46576,48.38249,1443650792
227705102,15,-127,0,304.1,511,-4.496565,48.3824,1443650794
228051000,0,-127,0,297,511,-4.4850535,48.38133,1443650795
228131600,15,-127,8.4,264.2,511,-4.6670933,48.090347,1443650796
228854000,15,0,7.1,268.9,268,-4.371905,48.11814,1443650798
227415000,15,-127,10.3,168.6,511,-4.76438,47.967846,1443650798
228037600,15,-127,9.1,132.8,511,-4.427242,48.152054,1443650800
227443000,15,-127,11.5,183.4,511,-4.782415,47.985317,1443650801
228037700,15,-127,1.2,266.5,511,-4.472338,48.16606,1443650801
227705102,15,-127,0.1,297.7,511,-4.496565,48.3824,1443650802
228051000,0,-127,0,297.3,511,-4.4850483,48.38133,1443650804
228131600,15,-127,8.4,261.9,511,-4.6676764,48.090313,1443650805
227574020,15,-127,0.1,288.2,511,-4.4954667,48.383663,1443650807
228854000,15,0,7.1,267.2,267,-4.372347,48.11812,1443650807
228037600,15,-127,9.1,133.1,511,-4.42678,48.151768,1443650810
228037700,15,-127,1.1,266.6,511,-4.472397,48.16606,1443650810
227443000,15,-127,11.3,182.8,511,-4.782465,47.9848,1443650810
245257000,0,0,0,13.1,35,-4.465747,48.382465,1443650813
227705102,15,-127,0,294.6,511,-4.496568,48.382404,1443650813
228186700,5,0,0,5,138,-4.5124984,48.370834,1443650814
228051000,0,-127,0,295.5,511,-4.485047,48.381325,1443650814
228131600,15,-127,8.6,264.9,511,-4.6682067,48.090275,1443650814
228931000,7,-126,8.9,83.7,83,-4.460675,48.117496,1443650818
228854000,15,0,7.1,267.5,270,-4.3729315,48.1181,1443650819
227415000,15,-127,10.3,169,511,-4.7641115,47.966835,1443650819
227443000,15,-127,11.3,183.6,511,-4.7824984,47.984333,1443650820
228037700,15,-127,1.1,268.1,511,-4.4724717,48.166054,1443650820
245257000,0,0,0,13.1,35,-4.4657435,48.382454,1443650822
228186700,5,0,0,338,138,-4.5124984,48.370834,1443650824
228131600,15,-127,8.3,266.4,511,-4.6687784,48.090218,1443650825
228051000,0,-127,0,295.3,511,-4.485055,48.38132,1443650825
227574020,15,-127,0.1,284.5,511,-4.4954715,48.38366,1443650826
228854000,15,127,7,268.9,272,-4.3733683,48.11809,1443650828
228037600,15,-127,9.1,130.6,511,-4.42589,48.151226,1443650828
228037700,15,-127,1,268.5,511,-4.472545,48.166054,1443650831
227443000,15,-127,11.4,185.2,511,-4.7825484,47.98375,1443650832
227705102,15,-127,0.1,307.7,511,-4.4965734,48.38242,1443650832
245257000,0,0,0,13.1,35,-4.4657435,48.382446,1443650833
228186700,5,0,0,56,138,-4.5124984,48.370834,1443650833
228051000,0,-127,0,295,511,-4.48506,48.381306,1443650834
228131600,15,-127,8.3,267.8,511,-4.66943,48.09018,1443650836
228190600,7,-127,0,0,511,-4.3268385,48.09865,1443650837
228931000,7,127,8.8,78.7,80,-4.45941,48.11766,1443650838
227415000,15,-127,10.4,170.5,511,-4.763835,47.965897,1443650839
228854000,15,127,7,271.6,276,-4.373905,48.118107,1443650839
228037600,15,-127,9,122.6,511,-4.4253116,48.150974,1443650839
227443000,15,-127,11.3,185.7,511,-4.782615,47.983284,1443650840
228037700,15,-127,1.1,267.9,511,-4.4726334,48.16605,1443650841
245257000,0,0,0,13.1,35,-4.465745,48.382446,1443650842
228186700,5,0,0,173,139,-4.5124984,48.370834,1443650843
228051000,0,-127,0,295.8,511,-4.4850717,48.3813,1443650845
228131600,15,-127,8.8,265.9,511,-4.670015,48.090145,1443650846
228854000,15,0,7.1,273.4,276,-4.3742967,48.118122,1443650847
227415000,15,-127,10.4,169.9,511,-4.7637115,47.965473,1443650848
228037600,15,-127,8.8,105.6,511,-4.4247184,48.15086,1443650850
227443000,15,-127,11.3,182.7,511,-4.782698,47.982765,1443650850
228037700,15,-127,1.1,265.1,511,-4.4726915,48.166046,1443650851
245257000,0,0,0,13.1,36,-4.465745,48.382446,1443650852
228186700,5,0,0,18,139,-4.5124984,48.370834,1443650853
228051000,0,-127,0,295.1,511,-4.485077,48.381294,1443650855
228131600,15,-127,8.5,262.5,511,-4.6705933,48.090103,1443650855
228854000,15,0,7.1,274.1,276,-4.374833,48.118153,1443650858
228037600,15,-127,8.9,89,511,-4.4241133,48.150883,1443650860
228037700,15,-127,1.2,264.8,511,-4.4727736,48.166046,1443650862
228186700,5,0,0,236,139,-4.512665,48.370834,1443650863
245257000,0,0,0,13.1,36,-4.4657435,48.382446,1443650864
228051000,0,-127,0,295.5,511,-4.4850783,48.3813,1443650864
228131600,15,-127,8.2,260.5,511,-4.67118,48.09005,1443650865
227574020,15,-127,0.1,289.7,511,-4.4954567,48.383675,1443650867
227415000,15,-127,10.5,168.6,511,-4.763448,47.964535,1443650868
228037600,15,-127,8.9,87.5,511,-4.423505,48.15091,1443650870
228037700,15,-127,1.1,263.3,511,-4.47284,48.16604,1443650870
245257000,0,0,0,13.1,36,-4.46574,48.382446,1443650873
228186700,5,0,0,222,139,-4.512665,48.370834,1443650874
228051000,0,-127,0,296.2,511,-4.485075,48.381317,1443650874
228131600,15,-127,8.6,263.6,511,-4.6717114,48.090004,1443650874
228190600,7,-127,0,0,511,-4.3268485,48.09865,1443650877
228854000,15,-126,7.1,272.8,272,-4.375857,48.118195,1443650879
228037700,15,-127,1.1,263.9,511,-4.472915,48.166035,1443650880
245257000,0,0,0,13.1,36,-4.46574,48.38245,1443650881
227705102,15,-127,0.1,289.8,511,-4.4965734,48.382412,1443650882
228186700,5,0,0,77,139,-4.512665,48.370834,1443650884
228051000,0,-127,0,294.1,511,-4.485077,48.381325,1443650885
228131600,15,-127,8.4,269.7,511,-4.672362,48.089954,1443650885
228854000,15,-126,7.1,271.2,270,-4.3762965,48.1182,1443650888
228037600,15,-127,9,86.7,511,-4.4223285,48.15093,1443650889
228037700,15,-127,1.1,263.4,511,-4.47298,48.166027,1443650890
227443000,15,-127,11,184.2,511,-4.7828984,47.980682,1443650891
227705102,15,-127,0,288.3,511,-4.49658,48.38242,1443650892
245257000,0,0,0,13.1,36,-4.4657383,48.382454,1443650893
228186700,5,0,0,5,139,-4.512665,48.370834,1443650893
228051000,0,-127,0,293.6,511,-4.485085,48.381325,1443650893
228131600,15,-127,8.1,266,511,-4.6729383,48.089928,1443650896
228931000,7,0,8.9,80.3,80,-4.4557533,48.117935,1443650898
228854000,15,-126,7.1,268.5,267,-4.376845,48.118187,1443650899
227443000,15,-127,11.1,184.7,511,-4.7829485,47.980232,1443650900
228037700,15,-127,1.1,262.4,511,-4.473058,48.166023,1443650901
245257000,0,0,0,13.1,36,-4.465737,48.38246,1443650902
228186700,5,0,0,335,139,-4.512665,48.370834,1443650903
228051000,0,-127,0,293.8,511,-4.48509,48.381325,1443650905
228131600,15,-127,8.6,259.7,511,-4.673515,48.089897,1443650906
227574020,15,-127,0,288.2,511,-4.495455,48.383667,1443650907
228854000,15,0,7.1,266.7,268,-4.377235,48.11817,1443650907
228037600,15,-127,8.9,80.2,511,-4.421035,48.15106,1443650910
227443000,15,-127,11.1,181.6,511,-4.7829986,47.979717,1443650910
228037700,15,-127,1,260.6,511,-4.473125,48.166008,1443650911
245257000,0,0,0,13.1,36,-4.4657416,48.38247,1443650913
228186700,5,0,0,210,139,-4.512665,48.370834,1443650913
227705102,15,-127,0,283.4,511,-4.496585,48.382427,1443650914
228131600,15,-127,8.1,263.4,511,-4.674035,48.08985,1443650914
228051000,0,-127,0,294.4,511,-4.4850984,48.381313,1443650915
228190600,7,-127,0,0,511,-4.3268332,48.098648,1443650916
227415000,15,-127,10.3,167.8,511,-4.762825,47.96216,1443650918
228854000,15,0,7.1,267.5,269,-4.377818,48.118153,1443650919
228931000,7,-126,9,83.2,81,-4.4544683,48.11804,1443650919
228037600,15,-127,9,78.3,511,-4.420425,48.151146,1443650920
228037700,15,-127,1.2,260.8,511,-4.473203,48.16599,1443650921
227705102,15,-127,0.1,286.5,511,-4.496588,48.382427,1443650922
245257000,0,0,0,13.1,36,-4.4657536,48.38248,1443650923
228051000,0,-127,0,294.9,511,-4.4851017,48.381313,1443650924
228131600,15,-127,8.4,266.8,511,-4.6746817,48.089813,1443650925
228854000,15,127,7.1,268.6,271,-4.3782067,48.118145,1443650927
228931000,7,0,8.9,78.9,78,-4.4539266,48.11811,1443650929
227443000,15,-127,11.1,184.3,511,-4.7830815,47.978683,1443650930
228037700,15,-127,1.2,261.4,511,-4.4732685,48.16598,1443650930
227123700,5,-127,8.2,261.1,511,-4.65736,48.09059,1443650930
245257000,0,0,0,13.1,36,-4.4657636,48.382492,1443650933
228186700,5,0,0,221,139,-4.512665,48.370834,1443650934
228051000,0,-127,0,295.8,511,-4.485115,48.38132,1443650934
228131600,15,-127,8.7,265.1,511,-4.6751986,48.089787,1443650935
228190600,7,-127,0,0,511,-4.3268366,48.09865,1443650937
228931000,7,127,8.9,77.9,80,-4.453387,48.11819,1443650937
228854000,15,0,7,270.6,274,-4.378792,48.118145,1443650939
227415000,15,-127,10.3,168.5,511,-4.7624965,47.961174,1443650939
227443000,15,-127,11.1,184.1,511,-4.7831316,47.97817,1443650940
228037700,15,-127,1.2,260.3,511,-4.4733534,48.165966,1443650940
245257000,0,0,0,13.1,36,-4.4657664,48.3825,1443650941
227705102,15,-127,0.1,285.2,511,-4.496595,48.382423,1443650942
228186700,5,0,0,354,139,-4.512665,48.370834,1443650943
228051000,0,-127,0,296.1,511,-4.485093,48.381325,1443650945
228131600,15,-127,8.6,258.3,511,-4.6758432,48.089745,1443650945
228854000,15,0,7.1,272.6,276,-4.37923,48.118168,1443650948
228037700,15,-127,1.1,259,511,-4.47344,48.165955,1443650950
227443000,15,-127,11.2,185.5,511,-4.7831817,47.9776,1443650951
227705102,15,-127,0,281,511,-4.4965982,48.382412,1443650952
245257000,0,0,0,13.1,36,-4.46577,48.382507,1443650953
228186700,5,0,0,327,139,-4.512665,48.370834,1443650953
228051000,0,-127,0,296.5,511,-4.485083,48.38133,1443650953
228131600,15,-127,8.9,262.7,511,-4.6764283,48.089695,1443650956
228854000,15,0,7.1,273.9,276,-4.3797717,48.118195,1443650958
228037600,15,-127,9,79.3,511,-4.41798,48.151455,1443650959
227443000,15,-127,11.2,183.3,511,-4.7832317,47.977135,1443650960
228037700,15,-127,1.1,258.9,511,-4.4735117,48.165947,1443650961
245257000,0,0,0,13.1,36,-4.4657664,48.382507,1443650962
228186700,5,0,0,343,139,-4.512665,48.370834,1443650963
227705102,15,-127,0,285.3,511,-4.496595,48.38241,1443650964
228051000,0,-127,0,298.1,511,-4.4850864,48.38133,1443650965
228131600,15,-127,8.2,261.9,511,-4.67702,48.089664,1443650966
227574020,15,-127,0,291,511,-4.49545,48.38365,1443650967
228854000,15,0,7.1,273.7,273,-4.380163,48.118214,1443650967
228037700,15,-127,1,261,511,-4.473565,48.165943,1443650971
227443000,15,-127,11.1,184.9,511,-4.7832985,47.97658,1443650971
245257000,0,0,0,13.1,36,-4.46576,48.382507,1443650973
228186700,5,0,0,52,139,-4.512665,48.370834,1443650973
227705102,15,-127,0,285.8,511,-4.4965734,48.38244,1443650974
228051000,0,-127,0,294.9,511,-4.4850917,48.38133,1443650974
228131600,15,-127,8.2,260.7,511,-4.6775484,48.089622,1443650974
228854000,15,0,7.1,272.1,273,-4.3807483,48.118233,1443650979
228037700,15,-127,1.1,261.4,511,-4.4736233,48.16594,1443650981
227705102,15,-127,0,286.9,511,-4.49657,48.382454,1443650983
245257000,0,0,0,13.1,36,-4.4657617,48.382496,1443650983
228051000,0,-127,0,293.6,511,-4.4851,48.38133,1443650984
228131600,15,-127,8.4,263.5,511,-4.6781282,48.08956,1443650984
227574020,15,-127,0,286,511,-4.4954567,48.383648,1443650986
228854000,15,0,7.1,271,271,-4.381137,48.118233,1443650988
227443000,15,-127,10.8,185.5,511,-4.783448,47.975616,1443650989
228037600,15,-127,9,79.2,511,-4.416135,48.15167,1443650989
228037700,15,-127,1.1,262.2,511,-4.4736814,48.16593,1443650990
245257000,0,0,0,13.1,36,-4.4657664,48.38249,1443650993
227705102,15,-127,0,283.7,511,-4.49657,48.382454,1443650993
228051000,0,-127,0,293.8,511,-4.4851,48.381332,1443650994
228131600,15,-127,8.7,265.4,511,-4.678735,48.089527,1443650995
228190600,7,-127,0,0,511,-4.3268332,48.098648,1443650998
228037600,15,-127,8.9,80.7,511,-4.4155865,48.151733,1443650998
228854000,15,-126,7.1,268.9,268,-4.3817334,48.118225,1443650999
227415000,15,-127,10,168.5,511,-4.7617683,47.95841,1443650999
228037700,15,-127,1.2,263.8,511,-4.47376,48.165928,1443651000
227705102,15,-127,0.1,275.8,511,-4.496565,48.382454,1443651002
228051000,0,-127,0,293.8,511,-4.4850783,48.38132,1443651005
228131600,15,-127,8.9,267.2,511,-4.6793866,48.0895,1443651005
227574020,15,-127,0.1,290.4,511,-4.4954534,48.383633,1443651008
228037600,15,-127,9,80.1,511,-4.41497,48.151806,1443651008
228854000,15,0,7.1,267,267,-4.382223,48.1182,1443651009
228037700,15,-127,1.1,265.8,511,-4.473837,48.16592,1443651010
227705102,15,-127,0.1,282.8,511,-4.496567,48.38245,1443651013
245257000,0,0,0,13.1,36,-4.465773,48.38248,1443651013
228051000,0,-127,0,294.6,511,-4.485083,48.381325,1443651015
228131600,15,-127,8.8,260.5,511,-4.679915,48.089462,1443651015
228854000,15,0,7.1,266.8,269,-4.3827133,48.11818,1443651018
228037600,15,-127,9,81.1,511,-4.414295,48.15188,1443651019
227443000,15,-127,10.9,183.9,511,-4.7835984,47.974133,1443651020
228037700,15,-127,1,268.7,511,-4.4739165,48.16593,1443651021
245257000,0,0,0,13.1,36,-4.465757,48.38246,1443651022
227705102,15,-127,0.1,287.5,511,-4.4965615,48.382446,1443651024
228051000,0,-127,0,297.6,511,-4.485093,48.381336,1443651025
228131600,15,-127,9,262.5,511,-4.680575,48.089428,1443651025
228854000,15,127,7.1,268.1,272,-4.3831,48.11817,1443651027
227574020,15,-127,0,286.4,511,-4.4954567,48.383625,1443651028
228037600,15,-127,9,80.1,511,-4.4136834,48.15195,1443651030
228037700,15,-127,1.2,269.9,511,-4.47399,48.16593,1443651030
227443000,15,-127,10.9,183.3,511,-4.7836485,47.973583,1443651031
245257000,0,0,0,13.1,35,-4.465747,48.382454,1443651033
227705102,15,-127,0.1,284.1,511,-4.496558,48.382435,1443651033
228051000,0,-127,0,297.3,511,-4.485095,48.381336,1443651034
228131600,15,-127,8.9,267.9,511,-4.681115,48.089394,1443651034
227415000,15,-127,10.1,167.8,511,-4.7612815,47.9566,1443651038
228854000,15,0,8.7,271.4,273,-4.3838015,48.11818,1443651038
228157000,0,-127,9.2,86.1,511,-4.3926983,48.122345,1443651040
228037600,15,-127,9,78.9,511,-4.413075,48.152027,1443651040
227443000,15,-127,11,182.3,511,-4.783682,47.973083,1443651041
228037700,15,-127,1.1,271.6,511,-4.4740915,48.165928,1443651041
227705102,15,-127,0.1,287.1,511,-4.4965568,48.382435,1443651043
245257000,0,0,0,13.1,36,-4.46574,48.382454,1443651043
228051000,0,-127,0,296.7,511,-4.48509,48.381332,1443651044
228131600,15,-127,8.8,267.6,511,-4.68171,48.089363,1443651044
227574020,15,-127,0.1,285.3,511,-4.4954634,48.38362,1443651046
227443000,15,-127,11,183.1,511,-4.783715,47.97262,1443651049
228037600,15,-127,9,79.6,511,-4.4124565,48.152092,1443651049
245257000,0,0,0,13.1,36,-4.46574,48.382454,1443651053
227705102,15,-127,0,295.3,511,-4.4965615,48.382423,1443651053
228051000,0,-127,0,296,511,-4.48509,48.381332,1443651054
228131600,15,-127,8.8,269.7,511,-4.682308,48.08932,1443651055
228190600,7,-127,0,0,511,-4.32683,48.098648,1443651057
228854000,15,-126,10,274.1,274,-4.3851786,48.118225,1443651059
228037700,15,-127,1.2,273.8,511,-4.4742484,48.16593,1443651060
228037600,15,-127,9,79,511,-4.411845,48.152172,1443651060
245257000,0,0,0,13.1,36,-4.4657383,48.382458,1443651062
227705102,15,-127,0,297.5,511,-4.4965568,48.382412,1443651062
228051000,0,-127,0,296.1,511,-4.485093,48.381332,1443651065
228131600,15,-127,8.7,259,511,-4.6829534,48.08926,1443651065
227574020,15,-127,0.1,275.5,511,-4.495475,48.38362,1443651067
228854000,15,0,10.2,271.5,272,-4.385885,48.11824,1443651069
228037700,15,-127,1.1,272.7,511,-4.474335,48.16592,1443651071
227705102,15,-127,0,293.7,511,-4.4965615,48.38241,1443651073
245257000,0,0,0,13.1,36,-4.4657335,48.38246,1443651073
228051000,0,-127,0,295.8,511,-4.4851017,48.38133,1443651075
228131600,15,-127,8.8,262.9,511,-4.683483,48.08921,1443651075
228854000,15,0,10.3,271.2,273,-4.3866014,48.118248,1443651079
228037700,15,-127,1.1,269.9,511,-4.474408,48.16592,1443651080
245257000,0,0,0,13.1,36,-4.4657316,48.38246,1443651082
228051000,0,-127,0,294.4,511,-4.4851084,48.381325,1443651084
227705102,15,-127,0,296.6,511,-4.49657,48.38241,1443651084
228131600,15,-127,8.8,263.7,511,-4.684137,48.089165,1443651085
228854000,15,0,10.3,271.2,274,-4.387173,48.11825,1443651088
228037600,15,-127,9.1,80.8,511,-4.410022,48.152374,1443651090
228037700,15,-127,1,267.5,511,-4.47448,48.165928,1443651091
245257000,0,-126,0,13.1,35,-4.465755,48.382504,1443651093
227705102,15,-127,0.1,290.9,511,-4.496577,48.38241,1443651093
228051000,0,-127,0,295.7,511,-4.48511,48.381325,1443651094
228131600,15,-127,8.9,266.1,511,-4.6846733,48.08912,1443651094
228190600,7,-127,0,0,511,-4.326832,48.09865,1443651096
228931000,7,-126,8.8,82,79,-4.4436717,48.119072,1443651097
228854000,15,-126,10.3,272,272,-4.387962,48.11827,1443651098
227415000,15,-127,10,168.2,511,-4.7605066,47.953854,1443651099
228037600,15,-127,8.9,75.2,511,-4.4094214,48.152477,1443651100
228037700,15,-127,1.1,267.6,511,-4.4745584,48.165905,1443651102
228051000,0,-127,0,296,511,-4.48511,48.381332,1443651104
228131600,15,-127,8.5,265.3,511,-4.6852717,48.089096,1443651105
228854000,15,0,10.4,269.3,269,-4.3887534,48.118263,1443651109
228037600,15,-127,9,58.5,511,-4.408903,48.152706,1443651110
228037700,15,-127,1,268.4,511,-4.4746265,48.16591,1443651111
245257000,0,0,0,13.1,35,-4.4657316,48.38249,1443651112
227705102,15,-127,0.1,290.9,511,-4.4965916,48.382412,1443651114
228051000,0,-127,0,296.5,511,-4.4851065,48.381332,1443651114
228131600,15,-127,8.6,261.7,511,-4.685867,48.089054,1443651115
228037700,15,-127,1,270.8,511,-4.47472,48.165905,1443651120
245257000,0,0,0,13.1,36,-4.4657283,48.382492,1443651123
228051000,0,-127,0,298,511,-4.485105,48.381344,1443651125
228131600,15,-127,8.6,262.2,511,-4.686517,48.08901,1443651125
228854000,15,0,10.3,267.9,270,-4.390177,48.11822,1443651129
227443000,15,-127,10.7,182.9,511,-4.784148,47.968567,1443651131
228037700,15,-127,1.3,267.8,511,-4.47482,48.165886,1443651132
227705102,15,-127,0.1,290.2,511,-4.4965916,48.382427,1443651133
245257000,0,0,0,13.1,36,-4.465727,48.382496,1443651133
228051000,0,-127,0,298.7,511,-4.485103,48.381344,1443651135
228131600,15,-127,8.2,256.6,511,-4.687043,48.088955,1443651135
228854000,15,127,10.3,269.3,272,-4.390885,48.118214,1443651139
228037600,15,-127,9.1,33.4,511,-4.407747,48.153675,1443651139
228037700,15,-127,1.2,266.8,511,-4.4748917,48.16588,1443651140
228051000,0,-127,0,298.2,511,-4.4850965,48.38134,1443651144
227705102,15,-127,0.2,268.1,511,-4.49658,48.382446,1443651144
228131600,15,-127,8.6,260.1,511,-4.6876764,48.088894,1443651145
228854000,15,0,10.2,270.4,274,-4.3914485,48.11822,1443651147
228037700,15,-127,1,266.3,511,-4.4749517,48.165882,1443651151
245257000,0,0,0,13.1,35,-4.4657135,48.382515,1443651153
227705102,15,-127,0.1,257.2,511,-4.496585,48.38245,1443651153
228051000,0,-127,0,296.8,511,-4.485093,48.381336,1443651155
228131600,15,-127,8.4,261.8,511,-4.6882033,48.088837,1443651155
228854000,15,-126,10.3,272.4,272,-4.3923016,48.118248,1443651159
227415000,15,-127,9.9,169.8,511,-4.759815,47.951157,1443651160
228037600,15,-127,8.9,352.5,511,-4.4075685,48.15447,1443651160
245257000,0,0,0,13.1,35,-4.4657116,48.382515,1443651161
228037700,15,-127,1.1,266.1,511,-4.475035,48.165886,1443651162
227705102,15,-127,0.1,264.1,511,-4.4965816,48.382442,1443651163
228051000,0,-127,0,296.3,511,-4.4850965,48.38134,1443651164
228131600,15,-127,8.2,265.3,511,-4.688793,48.088787,1443651165
228854000,15,127,10.3,270.1,272,-4.393017,48.118248,1443651169
228037600,15,-127,9.2,329.2,511,-4.407912,48.154827,1443651170
228037700,15,-127,1.2,264.1,511,-4.4751067,48.165886,1443651171
245257000,0,0,0,13.1,36,-4.465707,48.382507,1443651172
227705102,15,-127,0.1,262.4,511,-4.496578,48.38244,1443651172
228051000,0,-127,0,296.7,511,-4.4851,48.381344,1443651174
228131600,15,-127,8.4,268.5,511,-4.68938,48.088757,1443651175
228190600,7,-127,0,0,511,-4.326842,48.09864,1443651177
228854000,15,0,10.3,271.4,273,-4.393725,48.118256,1443651179
228037700,15,-127,1.2,263.7,511,-4.47518,48.165882,1443651180
227705102,15,-127,0,263.9,511,-4.496585,48.382423,1443651182
245257000,0,0,0,13.1,36,-4.4657116,48.382515,1443651184
228051000,0,-127,0,296.2,511,-4.48511,48.38135,1443651185
228131600,15,-127,8.4,264.5,511,-4.6900234,48.088715,1443651185
228037700,15,-127,1.1,262.4,511,-4.475265,48.16588,1443651191
245257000,0,0,0,13.1,36,-4.4657135,48.38251,1443651192
227705102,15,-127,0.1,261.7,511,-4.496575,48.382427,1443651193
228051000,0,-127,0,296.6,511,-4.485125,48.38135,1443651195
228131600,15,-127,8.7,264.4,511,-4.6905417,48.088676,1443651195
228190600,7,-127,0,0,511,-4.326845,48.09864,1443651196
228854000,15,-126,10.3,274.2,271,-4.395137,48.118305,1443651198
228037700,15,-127,1.1,262.9,511,-4.4753284,48.16587,1443651201
227705102,15,-127,0.1,264.2,511,-4.4965715,48.38242,1443651202
228051000,0,-127,0,298.6,511,-4.4851165,48.38136,1443651204
228131600,15,-127,8.7,262.3,511,-4.691185,48.088634,1443651205
228854000,15,127,10.3,271,273,-4.3956985,48.118305,1443651207
228037700,15,-127,1.2,260.6,511,-4.475395,48.16585,1443651211
245257000,0,0,0,13.1,36,-4.46573,48.382492,1443651213
227705102,15,-127,0.1,269.4,511,-4.496565,48.38241,1443651214
228051000,0,-127,0,299.1,511,-4.48511,48.38135,1443651215
228131600,15,-127,8.6,260.5,511,-4.691705,48.088566,1443651215
228854000,15,-126,10.4,271.3,270,-4.3965583,48.118324,1443651219
227415000,15,-127,9.8,170.2,511,-4.75905,47.94847,1443651219
228037600,15,-127,9,243.4,511,-4.4107165,48.154613,1443651220
245257000,0,0,0,13.1,36,-4.465737,48.382492,1443651221
228037700,15,-127,1.1,262.3,511,-4.4754915,48.165855,1443651221
227705102,15,-127,0,273.6,511,-4.496558,48.38241,1443651223
228131600,15,-127,8.7,258.8,511,-4.6922917,48.0885,1443651224
228051000,0,-127,0,299.8,511,-4.4851065,48.38134,1443651224
228854000,15,-126,10.3,269.4,269,-4.397277,48.118317,1443651229
228037600,15,-127,8.8,217.1,511,-4.4111066,48.154274,1443651230
228037700,15,-127,1.2,261.8,511,-4.4755635,48.16585,1443651231
245257000,0,0,0,13.1,36,-4.4657435,48.38249,1443651232
227705102,15,-127,0.1,284.3,511,-4.4965515,48.382404,1443651232
228051000,0,-127,0,301.3,511,-4.4851017,48.38133,1443651234
228131600,15,-127,8.6,260.4,511,-4.6928635,48.08844,1443651235
228190600,7,-127,0,0,511,-4.3268433,48.098633,1443651238
228854000,15,0,10.4,266.7,267,-4.3979917,48.118294,1443651239
228037600,15,-127,8,173.8,511,-4.411062,48.153847,1443651240
228037700,15,-127,1.3,263.9,511,-4.475633,48.165848,1443651240
227705102,15,-127,0.1,286.4,511,-4.496555,48.3824,1443651242
245257000,0,0,0,13.1,35,-4.4657435,48.382484,1443651244
228051000,0,-127,0,302.4,511,-4.4851017,48.38132,1443651245
228131600,15,-127,8.5,261.3,511,-4.6935067,48.08838,1443651245
228037600,15,-127,6.3,129.5,511,-4.410732,48.153713,1443651249
228037700,15,-127,1.1,261.1,511,-4.4757133,48.16584,1443651251
245257000,0,0,0,13.1,35,-4.4657416,48.382484,1443651252
227705102,15,-127,0.1,289.1,511,-4.4965634,48.38241,1443651253
228051000,0,-127,0,302.6,511,-4.48515,48.381294,1443651255
228131600,15,-127,8.5,258.6,511,-4.694023,48.088326,1443651255
228854000,15,0,10.2,268.1,269,-4.3994083,48.11825,1443651258
228037600,15,-127,6.5,75.7,511,-4.4102182,48.153805,1443651260
228037700,15,-127,1,260.1,511,-4.4757814,48.165825,1443651260
227705102,15,-127,0.1,292.9,511,-4.496577,48.38241,1443651262
245257000,0,0,0,13.1,35,-4.4657416,48.38249,1443651262
228051000,0,-127,0,303.8,511,-4.485152,48.38129,1443651264
228131600,15,-127,8.6,262.6,511,-4.694675,48.088272,1443651265
228854000,15,0,10.2,268,268,-4.3999767,48.11824,1443651267
228037700,15,-127,1.2,259.9,511,-4.4758735,48.165806,1443651270
245257000,0,0,0,13.1,35,-4.465745,48.38249,1443651273
228051000,0,-127,0,301.5,511,-4.485155,48.381287,1443651274
228131600,15,-127,8.4,257,511,-4.6951933,48.088215,1443651275
228037600,15,-127,7.9,27,511,-4.409613,48.1544,1443651280
228037700,15,-127,1.3,261.3,511,-4.4759517,48.165787,1443651281
227705102,15,-127,0.1,298.7,511,-4.4965982,48.38241,1443651283
228131600,15,-127,7.9,257.4,511,-4.695765,48.08814,1443651284
228051000,0,-127,0,301.9,511,-4.4851484,48.3813,1443651285
227574020,15,-127,0.1,269.8,511,-4.4954467,48.383686,1443651286
228854000,15,0,10.3,275.5,277,-4.4015265,48.11828,1443651289
245257000,0,0,0,13.1,35,-4.4657435,48.382477,1443651292
228037700,15,-127,1,265,511,-4.4760265,48.165783,1443651292
227705102,15,-127,0,289.8,511,-4.496595,48.382404,1443651292
228051000,0,-127,0,303.6,511,-4.4851418,48.381313,1443651294
228131600,15,-127,8.1,259.5,511,-4.6963215,48.08805,1443651294
228190600,7,-127,0,0,511,-4.326832,48.09865,1443651298
228931000,7,-126,8.9,80.5,79,-4.4314084,48.12024,1443651298
228854000,15,-126,10.3,273.1,270,-4.40224,48.118313,1443651299
228037600,15,-127,8.3,0.6,511,-4.409468,48.15518,1443651300
228037700,15,-127,1.1,264.3,511,-4.47608,48.16578,1443651301
227705102,15,-127,0,280.8,511,-4.4965916,48.382404,1443651302
228051000,0,-127,0,302.8,511,-4.4851384,48.381313,1443651305
228131600,15,-127,8.5,255.9,511,-4.696945,48.08795,1443651305
227574020,15,-127,0.1,265.6,511,-4.4954567,48.383667,1443651308
228854000,15,0,10.3,269,268,-4.402875,48.1183,1443651308
227123700,5,-127,8.1,263.7,511,-4.67826,48.088226,1443651308
228037600,15,-127,8,344.5,511,-4.409593,48.155468,1443651309
228037700,15,-127,1,264.6,511,-4.47616,48.16578,1443651311
245257000,0,0,0,13.1,36,-4.4657884,48.382465,1443651312
228051000,0,-127,0,301.6,511,-4.485143,48.3813,1443651314
228131600,15,-127,8.9,256.4,511,-4.6974483,48.087868,1443651315
228931000,7,0,8.9,76.6,78,-4.4302716,48.12043,1443651318
228854000,15,127,10.2,267.5,271,-4.403653,48.118267,1443651319
228037700,15,-127,1.1,264.9,511,-4.476237,48.16577,1443651321
227705102,15,-127,0.1,271.8,511,-4.496588,48.382397,1443651322
228051000,0,-127,0,301.6,511,-4.4851418,48.381294,1443651324
228131600,15,-127,8.3,252,511,-4.698068,48.087753,1443651325
228854000,15,127,10.2,271.5,277,-4.40428,48.11828,1443651328
228037700,15,-127,1.1,264.8,511,-4.4763184,48.165768,1443651331
245257000,0,0,0,13.1,36,-4.4657865,48.382465,1443651332
228051000,0,-127,0,300.5,511,-4.4851384,48.381287,1443651334
228131600,15,-127,8.5,254.1,511,-4.698565,48.087666,1443651335
228037600,15,-127,8.3,267.3,511,-4.4112,48.15554,1443651340
228037700,15,-127,1.1,262.9,511,-4.476382,48.165756,1443651341
245257000,0,0,0,13.1,36,-4.4657817,48.38247,1443651341
227705102,15,-127,0.1,272.1,511,-4.496597,48.382393,1443651343
228131600,15,-127,8.4,252.4,511,-4.6991234,48.087566,1443651344
228051000,0,-127,0,300,511,-4.48513,48.381294,1443651344
228037600,15,-127,8.5,285.9,511,-4.4117665,48.155647,1443651350
228037700,15,-127,1.1,264.2,511,-4.476472,48.165733,1443651352
227705102,15,-127,0.1,271.7,511,-4.4966,48.38239,1443651352
228051000,0,-127,0,301,511,-4.485125,48.381306,1443651354
228131600,15,-127,8.1,255.1,511,-4.699703,48.08747,1443651354
228854000,15,-126,10.3,272.2,270,-4.406485,48.118385,1443651359
227415000,15,-127,9.6,169.5,511,-4.757335,47.942287,1443651359
228037700,15,-127,1.1,265.6,511,-4.4765434,48.165726,1443651361
245257000,0,0,0,13.1,35,-4.46575,48.38248,1443651362
227705102,15,-127,0.1,270.2,511,-4.496597,48.38239,1443651362
228051000,0,-127,0,301.5,511,-4.4851217,48.38132,1443651364
228131600,15,-127,8.4,255.5,511,-4.7002583,48.08737,1443651365
228854000,15,-126,10.3,269.6,267,-4.4071283,48.11838,1443651368
228037700,15,-127,1.1,264.7,511,-4.4766316,48.165726,1443651372
245257000,0,0,0,13.1,35,-4.4657383,48.38248,1443651372
227705102,15,-127,0.1,269.3,511,-4.496595,48.382393,1443651373
228051000,0,-127,0,300.9,511,-4.4851184,48.381325,1443651374
228131600,15,-127,8.1,256.9,511,-4.7008634,48.08726,1443651375
228854000,15,127,10.3,268.1,271,-4.4078417,48.11836,1443651378
228037700,15,-127,1.1,262.4,511,-4.476705,48.16572,1443651381
227705102,15,-127,0.1,280.1,511,-4.49659,48.3824,1443651382
228051000,0,-127,0,299.6,511,-4.4851184,48.381325,1443651385
228131600,15,-127,8.3,255.5,511,-4.701435,48.087154,1443651385
228190600,7,-127,0,0,511,-4.326823,48.098656,1443651388
228037700,15,-127,1.1,260,511,-4.4767833,48.165718,1443651391
245257000,0,0,0,13.1,36,-4.4657435,48.38249,1443651391
228051000,0,-127,0,299.6,511,-4.48512,48.381325,1443651394
228131600,15,-127,8.8,258.7,511,-4.70195,48.08705,1443651395
228190600,7,-127,0,0,511,-4.326822,48.09865,1443651398
228854000,15,-126,10.4,275.1,275,-4.4092684,48.118427,1443651399
228037700,15,-127,1.1,259,511,-4.4768634,48.165707,1443651401
245257000,0,0,0,13.1,36,-4.465747,48.38249,1443651402
227705102,15,-127,0.1,289.1,511,-4.49657,48.38241,1443651403
228051000,0,-127,0,300,511,-4.485125,48.38132,1443651404
228131600,15,-127,8.4,256.1,511,-4.7025084,48.086926,1443651405
228854000,15,-126,10.4,273.1,271,-4.40992,48.118454,1443651407
228037600,15,-127,9.5,247.9,511,-4.415312,48.154785,1443651410
228037700,15,-127,1.1,259.5,511,-4.4769416,48.165695,1443651412
245257000,0,0,0,13.1,36,-4.4657583,48.382477,1443651413
228051000,0,-127,0,299.8,511,-4.4851265,48.381317,1443651414
228131600,15,-127,8.3,255.4,511,-4.703057,48.086807,1443651414
228854000,15,-126,10.4,270.4,268,-4.4106383,48.118454,1443651417
227415000,15,-127,9.6,168.4,511,-4.75665,47.939632,1443651419
245257000,0,0,0,13.1,36,-4.465765,48.382473,1443651422
227705102,15,-127,0,298.2,511,-4.4965568,48.3824,1443651422
228051000,0,-127,0,299.7,511,-4.48512,48.38132,1443651424
228131600,15,-127,8,254.7,511,-4.70361,48.08671,1443651425
227574020,15,-127,0,276.1,511,-4.4954433,48.383625,1443651427
228037600,15,-127,9.4,252.8,511,-4.4164934,48.154522,1443651428
228037700,15,-127,1.1,262.6,511,-4.477082,48.16568,1443651432
245257000,0,0,0,13.1,35,-4.465765,48.382473,1443651432
228051000,0,-127,0,299.4,511,-4.4851184,48.381325,1443651434
227705102,15,-127,0.1,305.4,511,-4.496555,48.3824,1443651434
228131600,15,-127,8.7,243.5,511,-4.70421,48.08657,1443651435
228037700,15,-127,1.1,264.1,511,-4.477142,48.165672,1443651441
245257000,0,0,0,13.1,36,-4.4657617,48.382473,1443651442
227705102,15,-127,0.1,298.1,511,-4.4965615,48.3824,1443651442
228051000,0,-127,0,298.8,511,-4.4851117,48.381332,1443651444
228131600,15,-127,8.6,251.8,511,-4.7047133,48.08647,1443651445
227574020,15,-127,0,272.4,511,-4.495438,48.38363,1443651446
228190600,7,-127,0,0,511,-4.3268285,48.09864,1443651447
228037700,15,-127,1.1,266.8,511,-4.4772115,48.16567,1443651451
245257000,0,0,0,13.1,36,-4.465773,48.382458,1443651451
227705102,15,-127,0.1,294,511,-4.4965715,48.38241,1443651454
228051000,0,-127,0,298.7,511,-4.4851084,48.381332,1443651454
228131600,15,-127,8.9,254.9,511,-4.705275,48.08635,1443651455
228854000,15,0,10.3,273.2,274,-4.413553,48.118515,1443651458
227415000,15,-127,9.5,170.1,511,-4.7562065,47.937958,1443651458
228037700,15,-127,1,267.7,511,-4.4772835,48.16567,1443651461
245257000,0,0,0,13.1,36,-4.4657917,48.382435,1443651462
227705102,15,-127,0,294.8,511,-4.4965715,48.382423,1443651464
228051000,0,-127,0,298.7,511,-4.4851,48.381332,1443651464
228131600,15,-127,8.7,249.6,511,-4.7058983,48.086212,1443651465
227415000,15,-127,9.3,170,511,-4.7560716,47.93749,1443651469
227443000,15,-127,10,180.8,511,-4.7859983,47.952267,1443651471
228037700,15,-127,1.1,267.5,511,-4.4773865,48.16567,1443651472
245257000,0,0,0,13.1,36,-4.4657984,48.382427,1443651474
227705102,15,-127,0,296.1,511,-4.49658,48.38242,1443651474
228131600,15,-127,8.7,250.6,511,-4.7064133,48.0861,1443651474
228051000,0,-127,0,299.2,511,-4.4850984,48.381332,1443651474
228190600,7,-127,0,0,511,-4.3268332,48.098637,1443651477
228854000,15,0,10.4,273.3,274,-4.414915,48.11856,1443651478
227415000,15,-127,9.4,168.2,511,-4.7559433,47.937057,1443651479
227443000,15,-127,10,177.1,511,-4.7859817,47.95185,1443651480
228037700,15,-127,1,267.8,511,-4.477433,48.165665,1443651480
245257000,0,0,0,13.1,36,-4.4657965,48.382427,1443651482
228131600,15,-127,8.6,254.3,511,-4.7069736,48.08597,1443651485
228854000,15,-126,10.5,274.6,273,-4.4157066,48.11861,1443651488
227415000,15,-127,9.4,168.5,511,-4.75584,47.936665,1443651488
227443000,15,-127,9.8,174.6,511,-4.785915,47.95135,1443651491
228037700,15,-127,1,266.1,511,-4.47754,48.165665,1443651492
245257000,0,0,0,13.1,36,-4.4657965,48.382427,1443651492
228051000,0,-127,0,300.9,511,-4.485103,48.38134,1443651494
228131600,15,-127,8.5,254.9,511,-4.707607,48.085854,1443651495
228931000,7,0,8.9,78.5,78,-4.419288,48.12158,1443651497
227415000,15,-127,9.4,170,511,-4.755735,47.936237,1443651498
227443000,15,-127,9.8,173.1,511,-4.785848,47.9509,1443651500
228037700,15,-127,1.1,265.4,511,-4.4775968,48.16567,1443651501
245257000,0,0,0,13.1,36,-4.4658017,48.38242,1443651502
227705102,15,-127,0.1,291.6,511,-4.496607,48.382423,1443651502
228051000,0,-127,0,302.7,511,-4.4851084,48.381344,1443651504
228131600,15,-127,8.8,252.6,511,-4.7081165,48.085754,1443651505
228854000,15,0,10.6,263.6,262,-4.417155,48.11856,1443651509
227443000,15,-127,9.9,172.8,511,-4.7857485,47.95045,1443651511
228037700,15,-127,1.1,264.1,511,-4.477665,48.16566,1443651511
245257000,0,0,0,13.1,36,-4.465803,48.38242,1443651512
228051000,0,-127,0,303.4,511,-4.48511,48.38134,1443651514
228131600,15,-127,8.2,249,511,-4.70868,48.085632,1443651515
228854000,15,0,10.5,262.2,263,-4.417868,48.11849,1443651518
227415000,15,-127,9.6,170,511,-4.7555084,47.935368,1443651518
227443000,15,-127,9.9,175,511,-4.7856817,47.95005,1443651520
228037700,15,-127,1.1,263.5,511,-4.4777417,48.165646,1443651521
228051000,0,-127,0,304.7,511,-4.4851117,48.38134,1443651525
228131600,15,-127,8.4,244.7,511,-4.7092714,48.085472,1443651525
228854000,15,0,10.5,264.4,265,-4.418515,48.118446,1443651528
228133000,15,-127,10.6,265,511,-4.423237,48.117626,1443651528
227443000,15,-127,9.8,174.7,511,-4.785615,47.94955,1443651532
228037700,15,-127,1.3,264.1,511,-4.477842,48.16564,1443651532
245257000,0,0,0,13.1,36,-4.4658165,48.382393,1443651533
227705102,15,-127,0.1,292.2,511,-4.496607,48.382435,1443651534
228051000,0,-127,0,305.8,511,-4.4851065,48.38134,1443651535
228131600,15,-127,8.4,235.2,511,-4.709777,48.085266,1443651535
227443000,15,-127,9.7,172.6,511,-4.785548,47.94915,1443651540
228037700,15,-127,1.1,263.1,511,-4.47791,48.16564,1443651540
227705102,15,-127,0,289.8,511,-4.4966016,48.382435,1443651543
228051000,0,-127,0,306.6,511,-4.485103,48.381348,1443651544
228131600,15,-127,8.3,234.1,511,-4.710223,48.085087,1443651545
228133000,15,-127,10.6,263.1,511,-4.4245534,48.117535,1443651547
227574020,15,-127,0.1,274.4,511,-4.495435,48.383686,1443651548
228854000,15,0,10.4,269.3,270,-4.420028,48.11841,1443651548
228037600,15,-127,9.3,275.8,511,-4.4241567,48.153732,1443651550
227443000,15,-127,9.7,174.3,511,-4.785465,47.94865,1443651551
228037700,15,-127,1.2,258.5,511,-4.478,48.165623,1443651552
228133000,15,-127,10.7,262.6,511,-4.4249983,48.117504,1443651552
245257000,0,0,0,13.1,36,-4.4657984,48.38241,1443651554
228051000,0,-127,0,306.3,511,-4.4851017,48.381348,1443651554
227705102,15,-127,0.1,283.8,511,-4.4965935,48.382423,1443651554
228131600,15,-127,8.7,242.6,511,-4.710768,48.084858,1443651556
228854000,15,0,10.3,270.1,270,-4.420745,48.11841,1443651558
228037600,15,-127,9.2,288.1,511,-4.4247065,48.153854,1443651558
227443000,15,-127,9.7,175.9,511,-4.785415,47.94825,1443651560
228037700,15,-127,1.1,260.1,511,-4.4780536,48.165615,1443651561
245257000,0,0,0.1,13.1,36,-4.4657865,48.38242,1443651562
227705102,15,-127,0,287,511,-4.496588,48.382423,1443651562
228051000,0,-127,0,304.1,511,-4.4851017,48.381348,1443651564
228131600,15,-127,8.6,236.6,511,-4.7112217,48.084667,1443651564
228854000,15,127,10.3,269,271,-4.4214516,48.1184,1443651568
228037600,15,-127,9.1,305.1,511,-4.425215,48.154095,1443651569
227443000,15,-127,9.7,174.1,511,-4.7853317,47.947765,1443651571
228037700,15,-127,1.1,258,511,-4.478115,48.165615,1443651571
245257000,0,0,0,13.1,36,-4.4657764,48.382427,1443651571
228051000,0,-127,0,302.4,511,-4.4850984,48.381348,1443651575
228131600,15,-127,8.4,241.4,511,-4.711735,48.084457,1443651575
228854000,15,-126,10.2,270.7,270,-4.422155,48.11841,1443651578
227415000,15,-127,9.5,168.6,511,-4.754785,47.932793,1443651578
228037600,15,-127,8.9,316.5,511,-4.4256835,48.154427,1443651579
227443000,15,-127,9.7,174.8,511,-4.7852817,47.947365,1443651580
228133000,15,-127,10.6,262.9,511,-4.4269967,48.11743,1443651580
228037700,15,-127,1.1,257.9,511,-4.4781866,48.16561,1443651581
245257000,0,0,0.1,13.1,36,-4.4657536,48.382446,1443651582
227705102,15,-127,0.1,279,511,-4.496585,48.38242,1443651584
228051000,0,-127,0,300.8,511,-4.485093,48.38135,1443651584
228131600,15,-127,8.6,236.6,511,-4.7122817,48.084213,1443651585
228854000,15,-126,10.3,268.8,266,-4.4227915,48.118393,1443651587
228133000,15,-127,10.7,264.6,511,-4.427612,48.11739,1443651588
228037600,15,-127,7.7,354.9,511,-4.42573,48.154785,1443651590
228037700,15,-127,1.2,258.6,511,-4.4782534,48.1656,1443651590
227443000,15,-127,9.7,175.5,511,-4.785215,47.946865,1443651591
228133000,15,-127,10.7,264.1,511,-4.4279118,48.11736,1443651592
245257000,0,0,0.1,13.1,36,-4.465735,48.38247,1443651593
228133000,15,-127,10.7,264,511,-4.4280615,48.117348,1443651594
228051000,0,-127,0,300.5,511,-4.485093,48.381348,1443651595
228131600,15,-127,8.4,237,511,-4.71277,48.08402,1443651595
228190600,7,-127,0,0,511,-4.3268385,48.098633,1443651596
228133000,15,-127,10.7,263.5,511,-4.4282885,48.117325,1443651596
228854000,15,-126,10.4,264.4,260,-4.4235,48.118347,1443651597
228157000,0,-127,9.2,112.7,511,-4.357052,48.1227,1443651600
227443000,15,-127,9.5,173.9,511,-4.785165,47.946484,1443651600
228037600,15,-127,7.8,28.2,511,-4.4254565,48.155155,1443651600
228037700,15,-127,1.2,259.1,511,-4.4783316,48.1656,1443651601
245257000,0,0,0.1,13.1,36,-4.4657416,48.38248,1443651602
228051000,0,-127,0,300.3,511,-4.4850984,48.381344,1443651604
228131600,15,-127,8.6,240.7,511,-4.713215,48.08384,1443651605
228931000,7,0,9,76.6,77,-4.4125714,48.12233,1443651607
228854000,15,127,10.4,261.4,264,-4.424275,48.11825,1443651608
228037600,15,-127,7.9,50.4,511,-4.4250617,48.155365,1443651609
227443000,15,-127,9.5,173.4,511,-4.785082,47.946,1443651610
228037700,15,-127,1.1,259.1,511,-4.4784017,48.165592,1443651611
245257000,0,0,0,13.1,36,-4.46578,48.382473,1443651613
228051000,0,-127,0,299.3,511,-4.485105,48.381332,1443651614
227705102,15,-127,0.2,278.1,511,-4.496578,48.38242,1443651614
228133000,15,-127,10.7,264.9,511,-4.429567,48.117233,1443651614
228131600,15,-127,8.3,237.3,511,-4.7137165,48.083645,1443651614
228854000,15,0,10.5,262.1,262,-4.42499,48.118187,1443651618
228157000,0,-127,9.4,122.5,511,-4.3559318,48.122265,1443651620
227443000,15,-127,9.5,172.5,511,-4.7849984,47.9456,1443651620
228037700,15,-127,1.1,261.1,511,-4.478473,48.165592,1443651621
228051000,0,-127,0,299.6,511,-4.48511,48.381325,1443651624
228131600,15,-127,8.6,238,511,-4.7142234,48.083443,1443651624
228157000,0,-127,9.3,125.4,511,-4.3555264,48.12204,1443651628
228854000,15,0,10.4,263.6,266,-4.4257035,48.118126,1443651628
228037600,15,-127,8.3,83.1,511,-4.4239783,48.155514,1443651629
227443000,15,-127,9.7,174.5,511,-4.784915,47.945118,1443651631
228037700,15,-127,1.2,263.4,511,-4.47855,48.16559,1443651631
245257000,0,0,0,13.1,36,-4.4657784,48.382492,1443651632
227705102,15,-127,0.1,290.8,511,-4.4965816,48.38242,1443651634
228131600,15,-127,8.4,241.3,511,-4.714665,48.083267,1443651634
228051000,0,-127,0,300.8,511,-4.4851084,48.38132,1443651635
228133000,15,-127,10.7,264.1,511,-4.4312,48.117126,1443651636
228854000,15,0,10.4,265.5,267,-4.4264216,48.11809,1443651638
228037600,15,-127,8.4,94.1,511,-4.4233384,48.15547,1443651639
227443000,15,-127,9.6,174.4,511,-4.784848,47.944717,1443651640
228037700,15,-127,1.1,261.4,511,-4.4786234,48.165573,1443651641
228133000,15,-127,10.6,262.5,511,-4.431637,48.11709,1443651642
227705102,15,-127,0.1,290,511,-4.496587,48.382412,1443651644
228051000,0,-127,0,301.4,511,-4.485105,48.381325,1443651644
228133000,15,-127,10.7,262.1,511,-4.431783,48.117065,1443651644
228131600,15,-127,8.6,236.7,511,-4.715258,48.083,1443651645
228854000,15,0,10.4,267.3,269,-4.4271417,48.118073,1443651647
228133000,15,-127,10.6,262.4,511,-4.4320765,48.11704,1443651648
227415000,15,-127,9.2,170.6,511,-4.753965,47.92972,1443651649
228037600,15,-127,8.5,108.5,511,-4.42278,48.15534,1443651649
228037700,15,-127,1.1,262.1,511,-4.4786882,48.165565,1443651651
227443000,15,-127,9.7,174.8,511,-4.7847815,47.944233,1443651652
245257000,0,0,0,13.1,36,-4.4657383,48.382507,1443651653
228051000,0,-127,0,302,511,-4.4851017,48.381336,1443651654
228131600,15,-127,8.4,236.6,511,-4.7157617,48.082794,1443651655
228854000,15,-126,10.4,269.2,269,-4.4277916,48.11807,1443651657
227415000,15,-127,9.4,170.1,511,-4.75385,47.929295,1443651659
227443000,15,-127,9.7,173.9,511,-4.784732,47.943832,1443651659
228037600,15,-127,8.6,108.8,511,-4.4221716,48.15518,1443651660
228037700,15,-127,0.9,264.2,511,-4.478765,48.165554,1443651661
245257000,0,0,0,13.1,36,-4.4657,48.382507,1443651662
228133000,15,-127,10.7,264.9,511,-4.433182,48.116974,1443651662
227705102,15,-127,0,282.3,511,-4.4965816,48.382412,1443651663
228051000,0,-127,0,302.4,511,-4.4851017,48.38134,1443651663
